Datetime,Water Level (m)
2025-04-04 00:00:00,-0.12312351
2025-04-04 01:00:00,0.10219915
2025-04-04 02:00:00,0.23808418
2025-04-04 03:00:00,0.34002692
2025-04-04 04:00:00,0.3359194
2025-04-04 05:00:00,0.21646574
2025-04-04 06:00:00,0.0669326
2025-04-04 07:00:00,-0.04604981
2025-04-04 08:00:00,-0.14436823
2025-04-04 09:00:00,-0.19893089
2025-04-04 10:00:00,-0.2430547
2025-04-04 11:00:00,-0.27981505
2025-04-04 12:00:00,-0.21248809
2025-04-04 13:00:00,0.066726856
2025-04-04 14:00:00,0.2745949
2025-04-04 15:00:00,0.44491893
2025-04-04 16:00:00,0.5371422
2025-04-04 17:00:00,0.5312394
2025-04-04 18:00:00,0.41250327
2025-04-04 19:00:00,0.22080825
2025-04-04 20:00:00,0.054371446
2025-04-04 21:00:00,-0.03278667
2025-04-04 22:00:00,-0.08527226
2025-04-04 23:00:00,-0.12746248
2025-04-05 00:00:00,-0.17132951
2025-04-05 01:00:00,-0.18566976
2025-04-05 02:00:00,-0.08181076
2025-04-05 03:00:00,0.1011687
2025-04-05 04:00:00,0.2596441
2025-04-05 05:00:00,0.32595566
2025-04-05 06:00:00,0.28085247
2025-04-05 07:00:00,0.13245562
2025-04-05 08:00:00,0.00399844
2025-04-05 09:00:00,-0.084290795
2025-04-05 10:00:00,-0.15558186
2025-04-05 11:00:00,-0.20640013
2025-04-05 12:00:00,-0.21921776
2025-04-05 13:00:00,-0.14250049
2025-04-05 14:00:00,0.035516683
2025-04-05 15:00:00,0.21602252
2025-04-05 16:00:00,0.3749766
2025-04-05 17:00:00,0.48218343
2025-04-05 18:00:00,0.5255896
2025-04-05 19:00:00,0.48470664
2025-04-05 20:00:00,0.34967795
2025-04-05 21:00:00,0.1650853
2025-04-05 22:00:00,0.045380965
2025-04-05 23:00:00,-0.019578855
2025-04-06 00:00:00,-0.06725098
2025-04-06 01:00:00,-0.1154326
2025-04-06 02:00:00,-0.15101327
2025-04-06 03:00:00,-0.124117896
2025-04-06 04:00:00,-0.012185617
2025-04-06 05:00:00,0.14006506
2025-04-06 06:00:00,0.26284757
2025-04-06 07:00:00,0.29995236
2025-04-06 08:00:00,0.26628542
2025-04-06 09:00:00,0.15326239
2025-04-06 10:00:00,0.045316678
2025-04-06 11:00:00,-0.050320897
2025-04-06 12:00:00,-0.12461821
2025-04-06 13:00:00,-0.14575036
2025-04-06 14:00:00,-0.16233492
2025-04-06 15:00:00,-0.06858355
2025-04-06 16:00:00,0.09721086
2025-04-06 17:00:00,0.27162188
2025-04-06 18:00:00,0.40882143
2025-04-06 19:00:00,0.49479172
2025-04-06 20:00:00,0.5265274
2025-04-06 21:00:00,0.4517811
2025-04-06 22:00:00,0.2959578
2025-04-06 23:00:00,0.12621869
2025-04-07 00:00:00,0.023242353
2025-04-07 01:00:00,-0.03877173
2025-04-07 02:00:00,-0.086759135
2025-04-07 03:00:00,-0.13432597
2025-04-07 04:00:00,-0.16517088
2025-04-07 05:00:00,-0.11979185
2025-04-07 06:00:00,0.03952363
2025-04-07 07:00:00,0.22189331
2025-04-07 08:00:00,0.33964014
2025-04-07 09:00:00,0.3771204
2025-04-07 10:00:00,0.32043546
2025-04-07 11:00:00,0.16209602
2025-04-07 12:00:00,0.040461734
2025-04-07 13:00:00,-0.057758987
2025-04-07 14:00:00,-0.11888794
2025-04-07 15:00:00,-0.15298557
2025-04-07 16:00:00,-0.13266686
2025-04-07 17:00:00,0.014310842
2025-04-07 18:00:00,0.22039463
2025-04-07 19:00:00,0.39897823
2025-04-07 20:00:00,0.5198303
2025-04-07 21:00:00,0.5711937
2025-04-07 22:00:00,0.5192606
2025-04-07 23:00:00,0.3563961
2025-04-08 00:00:00,0.17095289
2025-04-08 01:00:00,0.04811684
2025-04-08 02:00:00,-0.02587026
2025-04-08 03:00:00,-0.07544268
2025-04-08 04:00:00,-0.1277639
2025-04-08 05:00:00,-0.16212991
2025-04-08 06:00:00,-0.09546336
2025-04-08 07:00:00,0.112993
2025-04-08 08:00:00,0.31240526
2025-04-08 09:00:00,0.438225
2025-04-08 10:00:00,0.48828748
2025-04-08 11:00:00,0.4246414
2025-04-08 12:00:00,0.25578958
2025-04-08 13:00:00,0.10376813
2025-04-08 14:00:00,-0.05861792
2025-04-08 15:00:00,-0.14175004
2025-04-08 16:00:00,-0.15855731
2025-04-08 17:00:00,-0.15359248
2025-04-08 18:00:00,-0.021615662
2025-04-08 19:00:00,0.20222972
2025-04-08 20:00:00,0.40154997
2025-04-08 21:00:00,0.52842355
2025-04-08 22:00:00,0.5706885
2025-04-08 23:00:00,0.48419842
2025-04-09 00:00:00,0.28539965
2025-04-09 01:00:00,0.120913915
2025-04-09 02:00:00,0.0008926456
2025-04-09 03:00:00,-0.069013566
2025-04-09 04:00:00,-0.11543456
2025-04-09 05:00:00,-0.1656442
2025-04-09 06:00:00,-0.18634555
2025-04-09 07:00:00,-0.028418072
2025-04-09 08:00:00,0.21609788
2025-04-09 09:00:00,0.3983308
2025-04-09 10:00:00,0.5085078
2025-04-09 11:00:00,0.5187753
2025-04-09 12:00:00,0.39051983
2025-04-09 13:00:00,0.19573033
2025-04-09 14:00:00,0.059710104
2025-04-09 15:00:00,-0.049000677
2025-04-09 16:00:00,-0.09649033
2025-04-09 17:00:00,-0.13661681
2025-04-09 18:00:00,-0.130503
2025-04-09 19:00:00,0.06967759
2025-04-09 20:00:00,0.30856246
2025-04-09 21:00:00,0.50081754
2025-04-09 22:00:00,0.615952
2025-04-09 23:00:00,0.63078594
2025-04-10 00:00:00,0.49963483
